OID_,X,Y,Name,Address,Postal_Code,City,Province,Category,Activity,Outdoor
1,-79.41389253,43.12088567,20 Valley Golf Club,3814 Yonge St,L0R 2C0,Vineland,ON,Golf courses and country clubs,Golf,Yes
2,-79.25569752,43.01219061,Abbey Road Woodlot,148 Abbey Rd,L3C 7K9,Welland,ON,Nature parks and other similar institutions,,
3,-79.11187743,43.08093806,888998 Ontario Inc,6442 Ainslie Cres,L2G 5R9,Niagara Falls,ON,Golf courses and country clubs,Golf,Yes
4,-79.10324914,43.12269251,A N Myer Secondary School,6338 O'neil St,L2J 1M7,Niagara Falls,ON,Sports stadiums and other presenters with facilities,Soccer,Yes
5,-79.06795848,43.10263747,Aj Mckinley Park,4507 Simcoe St,L2E 1T9,Niagara Falls,ON,Sports stadiums and other presenters with facilities,Soccer,Yes
6,-79.5842755,43.1988973,Angelo Giglia Memorial Field @ Peach King Centre (formally Known As Peach King Arena Mini Field),162 Livingston Ave,L3M 4G3,Grimsby,ON,Sports stadiums and other presenters with facilities,Soccer,Yes
7,-79.24789011,43.00615753,Aqueduct Park,155 Gadsby Ave,L3C 1A8,Welland,ON,Nature parks and other similar institutions,Field,Yes
8,-79.25777447,43.16486985,Alexander Mackenzie Sports Park,19 Beech Street,L2R 2B5,St. Catharines,ON,Sports stadiums and other presenters with facilities,Baseball,Yes
9,-79.25918993,43.16593005,Alex Mackenzie Sport Park,17 Beech St (Pleasant Ave & Thomas St),L2R 2B6,St. Catharines,ON,Sports stadiums and other presenters with facilities,Baseball,Yes
10,-79.48300984,43.13350304,Beamsville Lions Community Sport Park,5162 Fly Rd,L0R 1B0,Beamsville,ON,Sports stadiums and other presenters with facilities,Soccer,Yes
11,-79.47412229,43.16810998,Beamsville High School,4317 Central Ave,L0R 1B0,Beamsville,ON,Sports stadiums and other presenters with facilities,Soccer,Yes
12,-79.80379194,43.12295008,Binbrook Fairgrounds,2600 Hwy 56,L0R 1C0,Binbrook,ON,Sports stadiums and other presenters with facilities,Baseball,Yes
13,-79.24066248,42.98075127,Bemus Park,71 Coventry Rd,L3B 2M3,Welland,ON,Nature parks and other similar institutions,Baseball,Yes
14,-79.25746107,43.18848626,Bill Burgoyne Memorial Arena,129 Linwell Rd,L2N 6H2,St. Catharines,ON,Sports stadiums and other presenters with facilities,"Athletics,Lacrosse,Ice Hockey",
15,-79.24274765,43.09644999,Brock Golfland,2745 Merrittville Hwy,L0S 1E6,Fonthill,ON,Golf courses and country clubs,Golf,Yes
16,-79.27813009,43.00708675,Bridlewood Park,79 Bridlewood Drive,L3C 6N6,Welland,ON,Nature parks and other similar institutions,Field,Yes
17,-79.28928951,43.01101346,Brookhaven Park,135 Brookhaven Crt,L3C 0A4,Welland,ON,Nature parks and other similar institutions,,
18,-79.2433524,42.98940998,Burgar Park,126 Burgar St,L3B 2S8,Welland,ON,Nature parks and other similar institutions,Baseball,Yes
19,-79.26002946,42.89873254,Buckners Source For Sports,474 Main St W,L3K 3W1,Port Colborne,ON,Sports stadiums and other presenters with facilities,Baseball,Yes
20,-79.16285306,43.10724162,Beechwood Golf Cntry Clb Mntc,4465 Beechwood Rd,L2E 6S4,Niagara Falls,ON,Golf courses and country clubs,Golf,Yes
21,-79.08597236,43.11253997,C W Palmer Park,4190 Stanley Ave,L2E 4Z2,Niagara Falls,ON,Sports stadiums and other presenters with facilities,Soccer,Yes
22,-79.1292395,43.08892253,Cataract Bowl,7906 Lundy's Lane,L2H 1H1,Niagara Falls,ON,Bowling centres,Bowling,
23,-79.24427576,42.97117512,Chaffey Park,166 Chaffey St,L3B 2Y3,Welland,ON,Nature parks and other similar institutions,Field,Yes
24,-79.47800018,43.16838247,Centennial Centre,5050 Fairgrounds Rd,L0R 1B0,Beamsville,ON,Sports stadiums and other presenters with facilities,Ice Hockey,
25,-79.20879631,43.14128123,Centennial Arena & Merritton Lions Club,5 Park Ave,L2P 1P9,St. Catharines,ON,Sports stadiums and other presenters with facilities,Ice Hockey,
26,-79.10575768,43.10614999,Cherrywood School,4635 Pettit Ave,L2E 6L4,Niagara Falls,ON,Sports stadiums and other presenters with facilities,Soccer,Yes
27,-79.05446055,43.05428032,Chippawa Lion`s Park Rink,3970 Welland St,L2G 3P3,Niagara Falls,ON,Sports stadiums and other presenters with facilities,Ice Hockey,
28,-79.12151917,43.21889542,Centennial Arena,1565 Four Mile Creek Rd,L0S 1T0,Niagara-on-the-lake,ON,Sports stadiums and other presenters with facilities,Ice Hockey,
29,-79.07489405,42.89988346,Cherry Hill Club Ltd,912 Cherry Hill Blvd,L0S 1N0,Ridgeway,ON,Golf courses and country clubs,Golf,Yes
30,-79.25989761,42.99821949,Chippawa Park,123 First Ave,L3C 1Y1,Welland,ON,Sports stadiums and other presenters with facilities,Baseball,Yes
31,-79.05893277,43.04757826,Chippawa Willoughby Memorial Arena,9000 Sodom Rd,L2G 3P3,Niagara Falls,ON,Sports stadiums and other presenters with facilities,Ice Hockey,
32,-79.1885998,42.9934175,Cooks Mills Park,630 Lyons Creek Rd,L3B 5N4,Welland,ON,Nature parks and other similar institutions,Baseball,Yes
33,-79.21416762,43.14529892,Custom Crafted Golf Clubs,455 Merritt Street,L2P 1P2,St. Catharines,ON,Golf courses and country clubs,Golf,Yes
34,-79.27989482,42.98394938,Coyle Creek Park,271 Creekside Drive,L3C 0B6,Welland,ON,Nature parks and other similar institutions,,
35,-79.25640755,43.13323778,Dales House Of Golf,122 Powerview Ave,L2S 1X4,St. Catharines,ON,Golf courses and country clubs,Golf,Yes
36,-79.23989001,42.96683245,Deere Street Park,187 Sager Ave,L3B 5H2,Welland,ON,Nature parks and other similar institutions,Field,Yes
37,-79.20224486,43.15219902,Dempsey Park,77 Dundonald St,L2P 0B3,St. Catharines,ON,Sports stadiums and other presenters with facilities,Baseball,Yes
38,-79.17781003,43.10420999,Club Italia-osi Of Ont,2525 Montrose Rd,L2E 6S4,Niagara Falls,ON,Sports stadiums and other presenters with facilities,Soccer,Yes
39,-79.20983762,43.16613788,Douglas Park,141 Bunting Road,,St. Catharines,ON,Sports stadiums and other presenters with facilities,Baseball,Yes
40,-79.24356245,42.98239999,Dover Park,60 Dover Rd,L3B 2T7,Welland,ON,Nature parks and other similar institutions,,
41,-79.07301755,43.09956785,Digital Golf,5175 Victoria Ave,L2E 4E0,Niagara Falls,ON,Golf courses and country clubs,Golf,Yes
42,-79.24174744,42.98142739,Dunkirk Park,93 Dunkirk Rd,L3B 2N5,Welland,ON,Nature parks and other similar institutions,,
43,-79.26257709,42.98282176,Elmwood Park,78 Elmwood Ave,L3C 0C1,Welland,ON,Nature parks and other similar institutions,Field,Yes
44,-79.74186417,43.14588716,Edwards Memorial Park,1040 Golf Club Rd,,Binbrook,ON,Sports stadiums and other presenters with facilities,Baseball,Yes
45,-79.4785476,43.16801853,Fleming Memorial Arena,5020 Serena Drive,L0R 1B8,Beamsville,ON,Fitness and recreational sports centres,Ice Hockey,
46,-79.10977027,43.06884739,Firemen`s Park Rink,Dorchester Rd,L2G 3P3,Niagara Falls,ON,Sports stadiums and other presenters with facilities,Ice Hockey,
47,-79.2408958,43.17682658,Fairview Lanes,285 Geneva Street,L2N 2G2,St. Catharines,ON,Bowling centres,Bowling,
48,-79.28269027,42.98522754,Gaiser Park,424 Gaiser Rd,L3C 0B5,Welland,ON,Nature parks and other similar institutions,,
49,-79.24102513,43.1797004,Fairview Golf & Mini-putt,325 Geneva Street,L2R 7C2,St. Catharines,ON,Golf courses and country clubs,Golf,Yes
50,-79.21968962,43.15410658,Garden City Golf Course,,,,,,,
,ON,Golf courses and country clubs,Golf,Yes,,,,,,
51,-79.23865301,43.16020584,Garden City Arena Complex,8 Gale Crescent,L2R 7M8,St. Catharines,ON,Sports stadiums and other presenters with facilities,Ice Hockey,
52,-79.0789564,43.11302508,Gale Centre,4171 Fourth Ave,L2G 3P3,Niagara Falls,ON,Sports stadiums and other presenters with facilities,Ice Hockey,
53,-79.21920661,43.0738164,Fox Run Golf Courses And Practice Facility,1792 Hwy 20 Rr 1,L0S 1E6,Fonthill,ON,Golf courses and country clubs,Golf,Yes
54,-79.26254269,43.19970363,Gary Bos Golf Academy,25 Michigan Ave,L2N 4G7,St. Catharines,ON,Golf courses and country clubs,Golf,Yes
55,-79.21142003,43.14399248,George Taylor Field,4 Seymour Ave,L2P 1A3,St. Catharines,ON,Sports stadiums and other presenters with facilities,Baseball,Yes
56,-79.12313236,43.22332157,Gateway Community Church,1665 Four Mile Creek Rd,,Virgil,ON,Sports stadiums and other presenters with facilities,Football,Yes
57,-79.5358846,43.19620033,Glen Castle Golf Inc.,6 Jacobs Landing,L3M 5G7,Grimsby,ON,Golf courses and country clubs,Golf,Yes
58,-79.83921377,43.12879709,Glanbrook Sports Complex,4300 Binbrook Rd West,L0R 1C0,Binbrook,ON,Sports stadiums and other presenters with facilities,Baseball,Yes
59,-79.52196301,43.19433322,Golf 4 Cash Events Golf Tour,417 Bartlett Ave,L3M 2N5,Grimsby,ON,Golf courses and country clubs,Golf,Yes
60,-79.24157016,42.94197658,Glenwood Park,130 Glenwood Pky,L3B 5M6,Welland,ON,Nature parks and other similar institutions,Baseball,Yes
61,-79.27313356,43.00096142,Glen Park,54 Glen Park Drive,L3C 6J9,Welland,ON,Nature parks and other similar institutions,Field,Yes
62,-79.3165409,43.12534552,Golf At Rockway Vineyards,3290 9th Street,L2R 6P7,St. Catharines,ON,Golf courses and country clubs,Golf,Yes
63,-79.21641674,43.16926291,Golf City Motor Caddies Inc.,112 Dunkirk Road,L2P 3H5,St. Catharines,ON,Golf courses and country clubs,Golf,Yes
64,-79.12470765,43.11528949,Golf Etc. Niagara Falls,9-3969 Montrose Rd,L2H 3A1,Niagara Falls,ON,Golf courses and country clubs,Golf,Yes
65,-79.23273236,43.16343258,Golf Network Inc.,B-122 Queenston St,L2R 2Z3,St. Catharines,ON,Golf courses and country clubs,Golf,Yes
66,-79.24232244,43.2071717,Golf Nutz,642 Geneva St,L2N 2J7,St. Catharines,ON,Golf courses and country clubs,Golf,Yes
67,-79.23461497,42.89830967,Goods Sports Excellence,550 Elizabeth St.,,Port Colborne,ON,Sports stadiums and other presenters with facilities,Baseball,Yes
68,-79.2545,42.89124,Golf Port,,,,,,,
,ON,Golf courses and country clubs,Golf,Yes,,,,,,
69,-79.25196246,43.01189913,Gram Avenue Park,64 Gram Ave,L3C 1H3,Welland,ON,Nature parks and other similar institutions,Field,Yes
70,-79.28208375,43.19566523,Gracefield Public School,117 Bayview Dr,L2N 4Y2,St. Catharines,ON,Sports stadiums and other presenters with facilities,Baseball,Yes
71,-79.18428992,43.0246624,Grassy Brook Driving Range,740 Moyer Rd,L3B 5N4,Welland,ON,Golf courses and country clubs,Golf,Yes
72,-79.47002086,43.16351665,Great Lakes Christian College,4875 King St,L0R 1B0,Beamsville,ON,Sports stadiums and other presenters with facilities,Soccer,Yes
73,-79.17972831,43.02222732,Grassy Brook Golf Course,800 Carl Rd,L0S 1K0,Port Robinson,ON,Golf courses and country clubs,Golf,Yes
74,-79.56649749,43.16956604,Grimsby Golf Range,239 Mountain Rd,L3M 4E7,Grimsby,ON,Golf courses and country clubs,Golf,Yes
75,-79.18365965,43.03525985,Grand Niagara Golf Club,8547 Grassy Brook Rd Rr 1,,Port Robinson,ON,Golf courses and country clubs,Golf,Yes
76,-79.25341949,43.1516566,H.C. Griffith Sports Complex,2 Ridley Rd,L2S 3Y8,St. Catharines,ON,Sports stadiums and other presenters with facilities,Ice Hockey,
77,-79.2953721,43.0229977,Harold Black Park,983 Haist St,L0S 1E4,Fonthill,ON,Sports stadiums and other presenters with facilities,Baseball,Yes
78,-79.36663439,43.15225052,Heritage Christian School,2850 Fourth Ave,L0R 1S0,Jordan Station,ON,Sports stadiums and other presenters with facilities,Soccer,Yes
79,-79.21823955,43.02086249,Hunters Pointe Golf Course,289 Daimler Pky,L3B 6H2,Welland,ON,Golf courses and country clubs,Golf,Yes
80,-79.16901766,43.17932832,Heritage Woods Golf Course,1140 Airport Rd,L0S 1J0,Niagara-on-the-lake,ON,Golf courses and country clubs,Golf,Yes
81,-79.25918993,43.16593005,Haig Bowl Arena,17 Beech St (pleasant Ave & Thomas St),L2R 2B6,St. Catharines,ON,Sports stadiums and other presenters with facilities,"Athletics,Lacrosse,Ice Hockey",
82,-79.54559,43.09774,Hylands Golf Club,Gd,L0R 2A0,Smithville,ON,Golf courses and country clubs,Golf,Yes
83,-79.47731093,43.15574252,Jcs Golf,5032 Douglas St,L0R 1B7,Beamsville,ON,Golf courses and country clubs,Golf,Yes
84,-79.24969248,43.02346867,Jeff's Bowl-o-rama,968 Niagara St,L3C 1M6,Welland,ON,Bowling centres,Bowling,
85,-79.24529902,43.00622743,Jennifer Park,50 Ann St,L3C 3S4,Welland,ON,Nature parks and other similar institutions,Soccer,Yes
86,-79.23865301,43.16020584,Rex Stimers Arena,8 Gale Cres,L2R 7M8,St. Catharines,ON,Fitness and recreational sports centres,"Lacrosse,Athletics",
87,-79.36583062,43.1436836,Jordan Public School,2831 Rr#81,L0R 1S0,Jordan,ON,Sports stadiums and other presenters with facilities,Soccer,Yes
88,-79.36352032,43.15245038,Jordan Lions Park,2789 Fourth Ave,L0R 1S0,Jordan Station,ON,Sports stadiums and other presenters with facilities,Soccer,Yes
89,-79.13564755,43.07629859,Kalar Sports Park,6775 Kalar Rd,L2H 2T3,Niagara Falls,ON,Sports stadiums and other presenters with facilities,Soccer,Yes
90,-79.09500343,43.12406083,Ker Park,3420 Sinnicks Ave,L2J 1N5,Niagara Falls,ON,Sports stadiums and other presenters with facilities,"Baseball,Soccer",Yes
91,-79.07907003,43.09413,John N. Allan Park Rink,Kalar Rd,L2G 3P3,Niagara Falls,ON,Sports stadiums and other presenters with facilities,Ice Hockey,
92,-79.08339299,43.24223948,Kaneff Properties Limited,1 Niagara St,L0S 1J0,Niagara-on-the-lake,ON,Golf courses and country clubs,Golf,Yes
93,-79.24962961,43.0178875,Lancaster Park,190 Lancaster Drive,L3C 6M1,Welland,ON,Nature parks and other similar institutions,Field,Yes
94,-79.21055209,43.15874743,Kernahan Park,381 Queenston St,,St. Catharines,ON,Sports stadiums and other presenters with facilities,Baseball,Yes
95,-79.46450087,43.18831254,Lincoln Town Hall,4800 South Service Rd,L0R 1B1,Beamsville,ON,Sports stadiums and other presenters with facilities,Soccer,Yes
96,-79.30103281,43.05268694,Lookout Point Golf And Country Club,209 Tice Road,L0S 1E0,Pelham,ON,Golf courses and country clubs,Golf,Yes
97,-79.43183173,42.87496687,Long Beach Country Club,13054 Lakeshore Rd,L0S 1V0,Wainfleet,ON,Golf courses and country clubs,Golf,Yes
98,-79.07907003,43.09413,Larry Delazzer Nature Park Rink,Orchard Grove Pkwy,L2G 3P3,Niagara Falls,ON,Sports stadiums and other presenters with facilities,Ice Hockey,
99,-79.16058773,43.08630746,Lundy's Lane Driving Range/Lundys Lane Golf Driving Range,,,,,,,
,ON,Golf courses and country clubs,Golf,Yes,,,,,,
100,-79.12541718,43.07298648,Macbain Community Centre Rink,7150 Montrose Rd,L2H 3N3,Niagara Falls,ON,Sports stadiums and other presenters with facilities,Ice Hockey,
101,-79.23119948,42.98998251,Manchester Park,835 Welland St,L3B 4E5,Welland,ON,Nature parks and other similar institutions,Soccer,Yes
102,-79.28529243,42.99949002,Maple Park,512 South Pelham Rd,L3C 3C7,Welland,ON,Nature parks and other similar institutions,Baseball,Yes
103,-79.19791251,43.12943315,Mcmillan Park,72 Carleton Street North,,Thorold,ON,Sports stadiums and other presenters with facilities,Baseball,Yes
104,-79.04152212,42.87186311,Marlene Whiller,3444 North Shore Dr,L0S 1N0,Ridgeway,ON,Golf courses and country clubs,Golf,Yes
105,-79.07931973,43.10700247,Maple Street Park Rink,5100 Maple St,L2G 3P3,Niagara Falls,ON,Sports stadiums and other presenters with facilities,Ice Hockey,
106,-79.22577384,42.98144437,Memorial Park,68 Memorial Park Dr,L3B 1A6,Welland,ON,Sports stadiums and other presenters with facilities,Baseball,Yes
107,-79.07446745,43.25106794,Memorial Park,370 King St,L0S 1J0,Niagara-on-the-lake,ON,Sports stadiums and other presenters with facilities,Soccer,Yes
108,-79.08230931,43.08639254,Meridian Reservation System,5400 Robinson St,L2G 2A6,Niagara Falls,ON,Golf courses and country clubs,Golf,Yes
109,-79.24464656,43.15626971,Meridian Centre,1 Icedogs Way,L2R 0B3,St. Catharines,ON,Fitness and recreational sports centres,,
110,-79.25109753,42.98929096,Merritt Park,115 King St,L3C 1Y1,Welland,ON,Nature parks and other similar institutions,Ice Hockey,
111,-79.25411066,42.99245747,Mill Street Park,40 Mill St,L3C 4Y2,Welland,ON,Nature parks and other similar institutions,,
112,-79.20881754,43.14215743,Merritton Community Park #4,7 Park Avenue,L2P 1P9,St. Catharines,ON,Sports stadiums and other presenters with facilities,Baseball,Yes
113,-79.1081413,43.11888835,Mitchelson Park,3750 Springdale Ave,L2J 2W5,Niagara Falls,ON,Sports stadiums and other presenters with facilities,Soccer,Yes
114,-79.01826757,43.04518844,Legends On The Niagara,9233 Niagara River Pky,L2E 6S6,Niagara Falls,ON,Golf courses and country clubs,Golf,Yes
115,-79.79501641,43.17742294,Mpj Golf,2080 Rymal Rd E,L0R 1C0,Binbrook,ON,Golf courses and country clubs,Golf,Yes
116,-79.54984633,43.18934438,Nelles Fields,118 Main St E,L3M 1N8,Grimsby,ON,Sports stadiums and other presenters with facilities,Soccer,Yes
117,-79.26858042,43.20190351,National Golf Course Owners Association,20 Simcoe St,L2N 5C7,St. Catharines,ON,Golf courses and country clubs,Golf,Yes
118,-79.07907003,43.09413,Mount Carmel Park Rink,Southwood Dr,L2G 3P3,Niagara Falls,ON,Sports stadiums and other presenters with facilities,Ice Hockey,
119,-79.0790289,43.09410312,Niagara Falls Memorial Arena,5145 Centre St,L2G 3P3,Niagara Falls,ON,Sports stadiums and other presenters with facilities,Ice Hockey,
120,-79.77787735,43.07566622,Niagara Golf Carts,5361 Woodburn Rd,L0R 1C0,Binbrook,ON,Golf courses and country clubs,Golf,Yes
121,-79.12541718,43.07298648,Niagara Falls Ymca,7150 Montrose Rd,L2H 3N3,Niagara Falls,ON,Fitness and recreational sports centres,Weightlifting,
122,-79.12151917,43.21889542,Niagara Credit Union Arena,1565 Four Mile Creek Road,L0S 1T0,Niagara-on-the-lake,ON,Sports stadiums and other presenters with facilities,Ice Hockey,
123,-79.12277563,43.06697598,Niagara Golf Liquidators,7555 Montrose Rd,L2H 2E9,Niagara Falls,ON,Golf courses and country clubs,Golf,Yes
124,-79.14889757,43.08384159,Niagara Falls Golf Club,6169 Garner Rd,L2E 6S4,Niagara Falls,ON,Golf courses and country clubs,Golf,Yes
125,-79.06827331,43.25338432,Niagara Golf Tours International,92 Picton,L0S 1J0,Niagara-on-the-lake,ON,Golf courses and country clubs,Golf,Yes
126,-79.25040603,43.18477555,Niagara Golf Trail,36 Secord Drive,L2N 1K8,St. Catharines,ON,Golf courses and country clubs,Golf,Yes
127,-79.24389513,43.1754128,Niagara Golf Warehouse,10 Dunlop Dr,L2R 1S1,St. Catharines,ON,Golf courses and country clubs,Golf,Yes
128,-79.240536,43.15928555,Niagara Golf Vacation Packages,11 Bond St Suite 202,L2R 4Z4,St. Catharines,ON,Golf courses and country clubs,Golf,Yes
129,-79.07345676,43.2594257,Niagara-on-the-lake Golf Club,143 Front St,,Niagara-on-the-lake,ON,Golf courses and country clubs,Golf,Yes
130,-79.34078718,43.05594312,North Pelham Park,1782 Cream St,L0S 1M0,Ridgeville,ON,Sports stadiums and other presenters with facilities,Baseball,Yes
131,-79.07311085,43.06642342,Oak Hall Par 3 Golf Course,7516 Portage Rd,,Niagara Falls,ON,Golf courses and country clubs,Golf,Yes
132,-79.08807842,43.10432273,Oakes Park,5700 Morrison St,L2E 2E9,Niagara Falls,ON,Sports stadiums and other presenters with facilities,"Baseball,Soccer",Yes
133,-79.25501161,42.97454274,Ontario Road Dog Park,2 Ontario Rd,L3B 5C1,Welland,ON,Nature parks and other similar institutions,,
134,-79.07489677,43.07244032,"Niagara Parks Commission, The",6345 Niagara Pkwy,,Niagara Falls,ON,Golf courses and country clubs,Golf,Yes
135,-79.4896211,43.17024669,Otda Fundraiser And Golf Classic,5249 Regional Rd 81,L0R 1B0,Beamsville,ON,Golf courses and country clubs,Golf,Yes
136,-79.26438352,43.1696675,Parkway Lanes,325 Ontario Street,L2R 5L3,St. Catharines,ON,Bowling centres,Bowling,
137,-79.25486813,42.89163273,Pc Lions Field,120 Killaly St West,,Port Colborne,ON,Sports stadiums and other presenters with facilities,Baseball,Yes
138,-79.08309394,43.04623614,Oaklands Golf Course,8970 Stanley Ave S,L2E 6T8,Niagara Falls,ON,Golf courses and country clubs,Golf,Yes
139,-79.10455094,43.24816746,Peach Trees Executive Golf Course,221 Niven Rd,L0S 1J0,Niagara-on-the-lake,ON,Golf courses and country clubs,Golf,Yes
140,-79.29487764,43.02652002,Pelham Arena,1120 Haist St,L0S 1E2,Fonthill,ON,Fitness and recreational sports centres,,
141,-79.30005198,42.98795623,Pelham Hills,196 Webber Rd,L3B 5N8,Welland,ON,Golf courses and country clubs,Golf,Yes
142,-79.2983397,42.98801251,Pelham Hills Golf And Country Club,206 Webber Road,L3B 5N8,Pelham,ON,Golf courses and country clubs,Golf,Yes
143,-79.33888902,43.0431246,Peninsula Lakes Golf Club,569 Hwy 20,L0S 1C0,Pelham,ON,Golf courses and country clubs,Golf,Yes
144,-79.01714941,43.03928655,Niagara Parks Legends,9561 Niagara River Pky,L2E 6S6,Niagara Falls,ON,Golf courses and country clubs,Golf,Yes
145,-79.24615263,42.97876316,Plymouth Park,200 Plymouth Rd,L3B 3C4,Welland,ON,Nature parks and other similar institutions,Baseball,Yes
146,-79.33585691,42.88265042,Port Colborne Country Club,11260 Golf Course Rd,L3K 3M6,Wainfleet,ON,Golf courses and country clubs,Golf,Yes
147,-79.19988763,43.17829806,Premier Golf Supply Inc,7-165 Cushman Rd,L2M 6T4,St. Catharines,ON,Golf courses and country clubs,Golf,Yes
148,-79.26155954,42.99182727,Prince Charles Park,6 Colbeck Drive,L3C 5B4,Welland,ON,Nature parks and other similar institutions,Basketball,Yes
149,-79.10117896,43.1380699,Piccolo's Custom Golf Shop,2334 St Paul Ave,L2E 6S4,Niagara Falls,ON,Golf courses and country clubs,Golf,Yes
150,-79.07907003,43.09413,Preakness Park Rink,Preakness St,L2G 3P3,Niagara Falls,ON,Sports stadiums and other presenters with facilities,Ice Hockey,
151,-79.11238257,43.1266929,Prince Philip School,3112 Dorchester Rd,L2J 2Z7,Niagara Falls,ON,Sports stadiums and other presenters with facilities,Soccer,Yes
152,-79.25315687,43.01291709,Pro Golf Clean,55 Woodlawn Rd,L3C 3J4,Welland,ON,Golf courses and country clubs,Golf,Yes
153,-79.25147237,43.18040191,Pro Golf Of St Catherines,272 Lake St,L2N 4H1,St. Catharines,ON,Golf courses and country clubs,Golf,Yes
154,-79.26671595,43.17776182,Putters Golf,389 Ontario Street,L2R 5L3,St. Catharines,ON,Golf courses and country clubs,Golf,Yes
155,-79.11712916,43.08915253,Puttputt Golf & Games,7280 Lundy's Lane,L2G 1W2,Niagara Falls,ON,Golf courses and country clubs,Golf,Yes
156,-79.2409965,43.0222147,Quaker Road Park,12 Quaker Rd,L3C 3G3,Welland,ON,Nature parks and other similar institutions,Field,Yes
157,-79.04740588,42.87582835,Ridgeway Shores Golf Club,3570 Thunder Bay Rd,L0S 1N0,Ridgeway,ON,Golf courses and country clubs,Golf,Yes
158,-79.08256253,43.15994168,Queenston Golf Club,269 Progressive Ave,L3C 4V9,Niagara-on-the-lake,ON,Golf courses and country clubs,Golf,Yes
159,-79.28230104,43.15512959,Ridley Golf & Driving Range,1233 Fourth Ave,L2R 6P9,St. Catharines,ON,Golf courses and country clubs,Golf,Yes
160,-79.58630493,43.19996502,Roberts Road Field,Oriole Crescent,L3M 3X6,Grimsby,ON,Sports stadiums and other presenters with facilities,Soccer,Yes
161,-79.3835907,42.98744355,Riverview Golf Course,313 Victoria Road,L0S 1C0,Pelham,ON,Golf courses and country clubs,Golf,Yes
162,-79.25497894,42.9942025,Riverbank Park,59 Riverbank St,L3C 7J4,Welland,ON,Nature parks and other similar institutions,,
163,-79.2401154,43.00072031,River Road Park,309 River Rd,L3C 6N6,Welland,ON,Nature parks and other similar institutions,,
164,-79.12260568,42.99551838,Rolling Meadows/Rolling Meadows Golf & Country Club,,,,,,,
,ON,Golf courses and country clubs,Golf,Yes,,,,,,
165,-79.3165409,43.12534552,Rockway Glen Golf Course/Rockway Glen Ltd,,,,,,,
,ON,Golf courses and country clubs,Golf,Yes,,,,,,
166,-79.36961932,43.09819254,Sawmill Golf Course,856 Sawmill Road,L0S 1C0,Pelham,ON,Golf courses and country clubs,Golf,Yes
167,-79.12329725,43.0864206,Serbian Field,6085 Montrose Rd,L2H 1L4,Niagara Falls,ON,Sports stadiums and other presenters with facilities,Soccer,Yes
168,-79.726146,43.14234283,Scenic Woods Golf & Country Club,185 Golf Club Rd,L0R 1C0,Binbrook,ON,Golf courses and country clubs,Golf,Yes
169,-79.26310134,43.00894438,Sherwood Forest Park,115 Rolling Acres Drive,L3C 3N3,Welland,ON,Nature parks and other similar institutions,Basketball,Yes
170,-79.11551002,43.11251747,Sherkwood Golf School Ltd,7115 Briarwood Ave,L2E 6X9,Niagara Falls,ON,Golf courses and country clubs,Golf,Yes
171,-79.17019365,43.14931663,Royal Niagara Golf Club,1 Niagara-on-the-green Blvd,L0S 1J0,Niagara-on-the-lake,ON,Golf courses and country clubs,Golf,Yes
172,-79.25481248,42.90511,Simmons Kids Charity Golf Tournament,947 Elm St,L3K 4R8,Port Colborne,ON,Golf courses and country clubs,Golf,Yes
173,-79.25311078,42.98356256,Skate Park,145 Lincoln St,L3B 6E1,Welland,ON,Nature parks and other similar institutions,,
174,-79.26099769,43.14474885,Seymour-hannah Sports & Entertainment Center,240 St Paul St W,L2S 2E3,St. Catharines,ON,Sports stadiums and other presenters with facilities,Ice Hockey,
175,-79.81523141,43.09543727,Southbrook Golf & Country Club,4349 Hwy 56,L0R 1C0,Binbrook,ON,Golf courses and country clubs,Golf,Yes
176,-79.61494681,43.20567691,Smith Fields,10 Oakes Rd N,L3M 4A9,Grimsby,ON,Sports stadiums and other presenters with facilities,Soccer,Yes
177,-79.57050536,43.09282993,Smithville Leisureplex,2543 South Grimsby Rd 6,L0R 2A0,Smithville,ON,Sports stadiums and other presenters with facilities,Soccer,Yes
178,-79.28550751,42.97824001,Sparrow Lakes Golf Course,105 S Pelham Rd,L3B 5N8,Welland,ON,Golf courses and country clubs,Golf,Yes
179,-79.04992063,42.90364752,Specialty Golf Learning Ctr,3570 Garrison Rd,L0S 1N0,Ridgeway,ON,Golf courses and country clubs,Golf,Yes
180,-79.10151987,43.15682349,St. David's Golf Club,22 Paxton Lane,L0S 1J1,Niagara-on-the-lake,ON,Golf courses and country clubs,Golf,Yes
181,-79.21968962,43.15410658,St Catharines Garden City Golf,37 Lincoln Avenue,L2P 2C7,St. Catharines,ON,Golf courses and country clubs,Golf,Yes
182,-79.24999163,43.15856383,St. Catharines Disc Golf,73 Queen St,L2R 5G9,St. Catharines,ON,Golf courses and country clubs,Golf,Yes
183,-79.27309969,42.96965249,St. George Park,391 St. George St,L3C 5N1,Welland,ON,Nature parks and other similar institutions,,
184,-79.22823693,43.15487091,St Catharines Golf & Country Club,70 Westchester Cres,L2J 1V1,St. Catharines,ON,Golf courses and country clubs,Golf,Yes
185,-79.2105204,43.12015753,Sullivan Park,80 Elgin St,L2V 3B9,Thorold,ON,Sports stadiums and other presenters with facilities,Baseball,Yes
186,-79.27121754,43.006821,Stop 19 Park,69 Rose Ave,L3C 2W8,Welland,ON,Nature parks and other similar institutions,,
187,-79.10426186,43.09493436,Stamford Arena & Jack Bell Arena,6570 Frederica St,L2G 3P3,Niagara Falls,ON,Sports stadiums and other presenters with facilities,Ice Hockey,
188,-79.27605758,43.02728998,Summerlea Park,121 Montgomery Rd,L3C 2Y2,Welland,ON,Nature parks and other similar institutions,Field,Yes
189,-79.24638657,43.15821845,Super Putt Miniature Golf Courses Inc,80 King St,L2R 7G1,St. Catharines,ON,Golf courses and country clubs,Golf,Yes
190,-79.09868763,43.10874846,Tee Times Niagara,4465 Drummond Rd,L2E 6C5,Niagara Falls,ON,Golf courses and country clubs,Golf,Yes
191,-79.21442226,43.15672999,Tayler's Discount Golf Store,20 Hartzel Rd,L2P 1M3,St. Catharines,ON,Golf courses and country clubs,Golf,Yes
192,-79.24274757,43.09727003,The Greens At Brock,2795 Merrittville Hwy,L0S 1E6,Fonthill,ON,Golf courses and country clubs,Golf,Yes
193,-79.2008031,43.12796452,Thorold Community Arena,70 Front St N,L2V 4A7,Thorold,ON,Sports stadiums and other presenters with facilities,Ice Hockey,
194,-79.23611002,43.05917001,Thunder Bay Golf & Beach Park,Po Box 179,L0S 1N0,Ridgeway,ON,Golf courses and country clubs,Golf,Yes
195,-79.07907003,43.09413,Stonefield Park Rink,Stonehaven Ave,L2G 3P3,Niagara Falls,ON,Sports stadiums and other presenters with facilities,Ice Hockey,
196,-79.2698683,43.00250482,Thorold Road Park,884 Prince Charles Drive North,L3C 6B5,Welland,ON,Nature parks and other similar institutions,,
197,-79.4391146,43.10499731,Tintern Church,4357 Springcreek Rd,L0R 2C0,Beamsville,ON,Sports stadiums and other presenters with facilities,Soccer,Yes
198,-79.2529527,43.01751656,Trelawn Park,140 Royal Oak Dr,L3C 6E4,Welland,ON,Sports stadiums and other presenters with facilities,Baseball,Yes
199,-79.23630685,42.9738419,Triangle Park,210 Southworth St,L3B 1X8,Welland,ON,Nature parks and other similar institutions,,
200,-79.05189264,42.8751278,Total Golf System,36 Ridge Rd S,L0S 1N0,Ridgeway,ON,Golf courses and country clubs,Golf,Yes
201,-79.23461497,42.89830967,Vale Health & Wellness Centre,550 Elizabeth St,L3K 5W3,Port Colborne,ON,Sports stadiums and other presenters with facilities,Baseball,Yes
202,-79.54559,43.09774,Upper & Lower Rock Street,200 Rock Street,L0R 2A0,Smithville,ON,Sports stadiums and other presenters with facilities,Soccer,Yes
203,-79.19438818,43.22096689,Unison Golf Systems Inc,120 Lakeshore Rd,L0S 1J0,Niagara-on-the-lake,ON,Golf courses and country clubs,Golf,Yes
204,-79.08348726,43.06863961,Thundering Waters Golf Course,6000 Marineland Pky,L2E 6X8,Niagara Falls,ON,Golf courses and country clubs,Golf,Yes
205,-79.3932324,43.1584723,Vineland Public School,4057 Victoria Ave,L0R 2E0,Vineland,ON,Sports stadiums and other presenters with facilities,Soccer,Yes
206,-79.25751748,42.89656838,Vimy Park,670 Fielden Ave,,Port Colborne,ON,Sports stadiums and other presenters with facilities,Baseball,Yes
207,-79.2728847,42.9826193,Waterview Park,179 Waterview Crt,L3C 7J1,Welland,ON,Nature parks and other similar institutions,,
208,-79.23611002,43.05917001,Wainfleet Arena,1943 Park St,L0S 1V0,Wainfleet,ON,Sports stadiums and other presenters with facilities,Ice Hockey,
209,-79.25008014,43.15127354,Walkinshaw Park,15 Henrietta St,,St. Catharines,ON,Sports stadiums and other presenters with facilities,Baseball,Yes
210,-79.55215605,43.10184123,West Lincoln Arena & Community Centre,177 West St,L0R 2A0,Smithville,ON,Sports stadiums and other presenters with facilities,Ice Hockey,
211,-79.25130758,42.98068002,Welland Main Arena,501 King St W,L3B 3K4,Welland,ON,Sports stadiums and other presenters with facilities,Ice Hockey,
212,-79.25130758,42.98068002,Welland Youth & Main Arenas,501 King Street West,L3B 3K4,Welland,ON,Fitness and recreational sports centres,Ice Hockey,
213,-79.23611002,43.05917001,Water Park Golf & Country Club,81174 Regional Rd 27,L0S 1V0,Wainfleet,ON,Golf courses and country clubs,Golf,Yes
214,-79.13217233,43.08676097,Westlane High School,5960 Pitton Rd,L2H 1T5,Niagara Falls,ON,Sports stadiums and other presenters with facilities,Soccer,Yes
215,-79.26509255,42.8948389,West Side Arena,54 West Side Rd,,Port Colborne,ON,Sports stadiums and other presenters with facilities,Baseball,Yes
216,-79.21447256,42.87752985,Whisky Run Golf Club,631 Lorraine Rd,L3K 5V3,Port Colborne,ON,Golf courses and country clubs,Golf,Yes
217,-79.16827251,43.15674261,White Oakes Resort,253 Taylor Rd,L0S 1J0,Niagara-on-the-lake,ON,Golf courses and country clubs,Tennis,
218,-79.26948047,42.9898525,Willson Park,43 Endicott Terr,L3C 5A9,Welland,ON,Nature parks and other similar institutions,,
219,-79.10978753,43.0201701,Willodell Country Club,,,,,,,
,ON,Golf courses and country clubs,Golf,Yes,,,,,,
220,-79.27747002,43.16439001,Westport Golf Practice & Training Facility,1406 Third St,L2R 6P9,St. Catharines,ON,Golf courses and country clubs,Golf,Yes
221,-79.23841747,42.98288203,Winstonville Playgound,38 Wavell Crt,L3B 2E6,Welland,ON,Nature parks and other similar institutions,Field,Yes
222,-79.28367526,43.0160205,Winfield Park,27 Countryside Drive,L3C 6Z1,Welland,ON,Nature parks and other similar institutions,,
223,-79.27450953,43.01291254,Woodlawn Park,400 Woodlawn Rd,L3C 5Y7,Welland,ON,Nature parks and other similar institutions,,
224,-79.25265238,42.99445073,Wrcc Lands,92 Niagara St,L3C 1J1,Welland,ON,Nature parks and other similar institutions,,
225,-79.24660215,43.17925254,Ymca St. Catharines,25 Ymca Dr,L2N 7P9,St. Catharines,ON,Fitness and recreational sports centres,Weightlifting,
226,-79.23477973,43.00951368,Youngs Sportsplex,570 River Rd,L3B 5N4,Welland,ON,Sports stadiums and other presenters with facilities,Soccer,Yes
227,-79.06431998,43.10670998,Whirlpool Golf Course,3351 Niagara River Pkwy,L2E 6T2,Niagara Falls,ON,Golf courses and country clubs,Golf,Yes
